target	FASTA
Q99935	MKLTFFLGLLALISCFTPSESQRFSRRPYLPGQLPPPPLYRPRWVPPSPPPPYDSRLNSPLSLPFVPGRVPPSSFSRFSQAVILSQLFPLESIRQPRLFPGYPNLHFPLRPYYVGPIRILKPPFPPIPFFLAIYLPISNPEPQINITTADTTITTNPPTTATATTSTSTKPTMTISSSTVPISSTPEPATSISAATPAASTENTTQILANRPHTVLLNATVQVTTSNQTILSSPAFKSFWQKLFAIFG
Q8TAX7	MKTLPLFVCICALSACFSFSEGRERDHELRHRRHHHQSPKSHFELPHYPGLLAHQKPFIRKSYKCLHKRCRPKLPPSPNNPPKFPNPHQPPKHPDKNSSVVNPTLVATTQIPSVTFPSASTKITTLPNVTFLPQNATTISSRENVNTSSSVATLAPVNSPAPQDTTAAPPTPSATTPAPPSSSAPPETTAAPPTPSATTQAPPSSSAPPETTAAPPTPPATTPAPPSSSAPPETTAAPPTPSATTPAPLSSSAPPETTAVPPTPSATTLDPSSASAPPETTAAPPTPSATTPAPPSSPAPQETTAAPITTPNSSPTTLAPDTSETSAAPTHQTTTSVTTQTTTTKQPTSAPGQNKISRFLLYMKNLLNRIIDDMVEQ
P02808	MKFLVFAFILALMVSMIGADSSEEKFLRRIGRFGYGYGPYQPVPEQPLYPQPYQPQYQQYTF
P04280	MLLILLSVALLALSSAQNLNEDVSQEESPSLIAGNPQGPSPQGGNKPQGPPPPPGKPQGPPPQGGNKPQGPPPPGKPQGPPPQGDKSRSPRSPPGKPQGPPPQGGNQPQGPPPPPGKPQGPPPQGGNKPQGPPPPGKPQGPPPQGDKSQSPRSPPGKPQGPPPQGGNQPQGPPPPPGKPQGPPPQGGNKPQGPPPPGKPQGPPPQGDKSQSPRSPPGKPQGPPPQGGNQPQGPPPPPGKPQGPPQQGGNRPQGPPPPGKPQGPPPQGDKSRSPQSPPGKPQGPPPQGGNQPQGPPPPPGKPQGPPPQGGNKPQGPPPPGKPQGPPAQGGSKSQSARSPPGKPQGPPQQEGNNPQGPPPPAGGNPQQPQAPPAGQPQGPPRPPQGGRPSRPPQ
Q96DR5	MLQLWKLVLLCGVLTGTSESLLDNLGNDLSNVVDKLEPVLHEGLETVDNTLKGILEKLKVDLGVLQKSSAWQLAKQKAQEAEKLLNNVISKLLPTNTDIFGLKISNSLILDVKAEPIDDGKGLNLSFPVTANVTVAGPIIGQIINLKASLDLLTAVTIETDPQTHQPVAVLGECASDPTSISLSLLDKHSQIINKFVNSVINTLKSTVSSLLQKEICPLIRIFIHSLDVNVIQQVVDNPQHKTQLQTLI
P12273	MRLLQLLFRASPATLLLVLCLQLGANKAQDNTRKIIIKNFDIPKSVRPNDEVTAVLAVQTELKECMVVKTYLISSIPLQGAFNYKYTACLCDDNPKTFYWDFYTNRTVQIAAVVDVIRELGICPDDAAVIPIKNNRFYTIEILKVE
P23280	MRALVLLLSLFLLGGQAQHVSDWTYSEGALDEAHWPQHYPACGGQRQSPINLQRTKVRYNPSLKGLNMTGYETQAGEFPMVNNGHTVQISLPSTMRMTVADGTVYIAQQMHFHWGGASSEISGSEHTVDGIRHVIEIHIVHYNSKYKSYDIAQDAPDGLAVLAAFVEVKNYPENTYYSNFISHLANIKYPGQRTTLTGLDVQDMLPRNLQHYYTYHGSLTTPPCTENVHWFVLADFVKLSRTQVWKLENSLLDHRNKTIHNDYRRTQPLNHRVVESNFPNQEYTLGSEFQFYLHKIEEILDYLRRALN
P98088	MSVGRRKLALLWALALALACTRHTGHAQDGSSESSYKHHPALSPIARGPSGVPLRGATVFPSLRTIPVVRASNPAHNGRVCSTWGSFHYKTFDGDVFRFPGLCNYVFSEHCGAAYEDFNIQLRRSQESAAPTLSRVLMKVDGVVIQLTKGSVLVNGHPVLLPFSQSGVLIQQSSSYTKVEARLGLVLMWNHDDSLLLELDTKYANKTCGLCGDFNGMPVVSELLSHNTKLTPMEFGNLQKMDDPTDQCQDPVPEPPRNCSTGFGICEELLHGQLFSGCVALVDVGSYLEACRQDLCFCEDTDLLSCVCHTLAEYSRQCTHAGGLPQDWRGPDFCPQKCPNNMQYHECRSPCADTCSNQEHSRACEDHCVAGCFCPEGTVLDDIGQTGCVPVSKCACVYNGAAYAPGATYSTDCTNCTCSGGRWSCQEVPCPGTCSVLGGAHFSTFDGKQYTVHGDCSYVLTKPCDSSAFTVLAELRRCGLTDSETCLKSVTLSLDGAQTVVVIKASGEVFLNQIYTQLPISAANVTIFRPSTFFIIAQTSLGLQLNLQLVPTMQLFMQLAPKLRGQTCGLCGNFNSIQADDFRTLSGVVEATAAAFFNTFKTQAACPNIRNSFEDPCSLSVENEKYAQHWCSQLTDADGPFGRCHAAVKPGTYYSNCMFDTCNCERSEDCLCAALSSYVHACAAKGVQLGGWRDGVCTKPMTTCPKSMTYHYHVSTCQPTCRSLSEGDITCSVGFIPVDGCICPKGTFLDDTGKCVQASNCPCYHRGSMIPNGESVHDSGAICTCTHGKLSCIGGQAPAPVCAAPMVFFDCRNATPGDTGAGCQKSCHTLDMTCYSPQCVPGCVCPDGLVADGEGGCITAEDCPCVHNEASYRAGQTIRVGCNTCTCDSRMWRCTDDPCLATCAVYGDGHYLTFDGQSYSFNGDCEYTLVQNHCGGKDSTQDSFRVVTENVPCGTTGTTCSKAIKIFLGGFELKLSHGKVEVIGTDESQEVPYTIRQMGIYLVVDTDIGLVLLWDKKTSIFINLSPEFKGRVCGLCGNFDDIAVNDFATRSRSVVGDVLEFGNSWKLSPSCPDALAPKDPCTANPFRKSWAQKQCSILHGPTFAACHAHVEPARYYEACVNDACACDSGGDCECFCTAVAAYAQACHEVGLCVSWRTPSICPLFCDYYNPEGQCEWHYQPCGVPCLRTCRNPRGDCLRDVRGLEGCYPKCPPEAPIFDEDKMQCVATCPTPPLPPRCHVHGKSYRPGAVVPSDKNCQSCLCTERGVECTYKAEACVCTYNGQRFHPGDVIYHTTDGTGGCISARCGANGTIERRVYPCSPTTPVPPTTFSFSTPPLVVSSTHTPSNGPSSAHTGPPSSAWPTTAGTSPRTRLPTASASLPPVCGEKCLWSPWMDVSRPGRGTDSGDFDTLENLRAHGYRVCESPRSVECRAEDAPGVPLRALGQRVQCSPDVGLTCRNREQASGLCYNYQIRVQCCTPLPCSTSSSPAQTTPPTTSKTTETRASGSSAPSSTPGTVSLSTARTTPAPGTATSVKKTFSTPSPPPVPATSTSSMSTTAPGTSVVSSKPTPTEPSTSSCLQELCTWTEWIDGSYPAPGINGGDFDTFQNLRDEGYTFCESPRSVQCRAESFPNTPLADLGQDVICSHTEGLICLNKNQLPPICYNYEIRIQCCETVNVCRDITRLPKTVATTRPTPHPTGAQTQTTFTTHMPSASTEQPTATSRGGPTATSVTQGTHTTLVTRNCHPRCTWTKWFDVDFPSPGPHGGDKETYNNIIRSGEKICRRPEEITRLQCRAKSHPEVSIEHLGQVVQCSREEGLVCRNQDQQGPFKMCLNYEVRVLCCETPRGCHMTSTPGSTSSSPAQTTPSTTSKTTETQASGSSAPSSTPGTVSLSTARTTPAPGTATSVKKTFSTPSPPPVPATSTSSMSTTAPGTSVVSSKPTPTEPSTSSCLQELCTWTEWIDGSYPAPGINGGDFDTFQNLRDEGYTFCESPRSVQCRAESFPNTPLADLGQDVICSHTEGLICLNKNQLPPICYNYEIRIQCCETVNVCRDITRPPKTVATTRPTPHPTGAQTQTTFTTHMPSASTEQPTATSRGGPTATSVTQGTHTTPVTRNCHPRCTWTTWFDVDFPSPGPHGGDKETYNNIIRSGEKICRRPEEITRLQCRAKSHPEVSIEHLGQVVQCSREEGLVCRNQDQQGPFKMCLNYEVRVLCCETPKGCPVTSTPVTAPSTPSGRATSPTQSTSSWQKSRTTTLVTTSTTSTPQTSTTYAHTTSTTSAPTARTTSAPTTRTTSASPASTTSGPGNTPSPVPTTSTISAPTTSITSAPTTSTTSAPTSSTTSGPGTTPSPVPTTSITSAPTTSTTSAPTTSTTSARTSSTTSATTTSRISGPETTPSPVPTTSTTSATTTSTTSAPTTSTTSAPTSSTTSSPQTSTTSAPTTSTTSGPGTTPSPVPTTSTTSAPTTRTTSAPKSSTTSAATTSTTSGPETTPRPVPTTSTTSSPTTSTTSAPTTSTTSASTTSTTSGAGTTPSPVPTTSTTSAPTTSTTSAPISSTTSATTTSTTSGPGTTPSPVPTTSTTSAPTTSTTSGPGTTPSAVPTTSITSAPTTSTNSAPISSTTSATTTSRISGPETTPSPVPTASTTSASTTSTTSGPGTTPSPVPTTSTISVPTTSTTSASTTSTTSASTTSTTSGPGTTPSPVPTTSTTSAPTTSTTSAPTTSTISAPTTSTTSATTTSTTSAPTPRRTSAPTTSTISASTTSTTSATTTSTTSATTTSTISAPTTSTTLSPTTSTTSTTITSTTSAPISSTTSTPQTSTTSAPTTSTTSGPGTTSSPVPTTSTTSAPTTSTTSAPTTRTTSVPTSSTTSTATTSTTSGPGTTPSPVPTTSTTSAPTTRTTSAPTTSTTSAPTTSTTSAPTSSTTSATTTSTISVPTTSTTSVPGTTPSPVPTTSTISVPTTSTTSASTTSTTSGPGTTPSPVPTTSTTSAPTTSTTSAPTTSTISAPTTSTPSAPTTSTTLAPTTSTTSAPTTSTTSTPTSSTTSSPQTSTTSASTTSITSGPGTTPSPVPTTSTTSAPTTSTTSAATTSTISAPTTSTTSAPTTSTTSASTASKTSGLGTTPSPIPTTSTTSPPTTSTTSASTASKTSGPGTTPSPVPTTSTIFAPRTSTTSASTTSTTPGPGTTPSPVPTTSTASVSKTSTSHVSISKTTHSQPVTRDCHLRCTWTKWFDIDFPSPGPHGGDKETYNNIIRSGEKICRRPEEITRLQCRAESHPEVSIEHLGQVVQCSREEGLVCRNQDQQGPFKMCLNYEVRVLCCETPKGCPVTSTPVTAPSTPSGRATSPTQSTSSWQKSRTTTLVTTSTTSTPQTSTTSAPTTSTTSAPTTSTTSAPTTSTTSTPQTSISSAPTSSTTSAPTSSTISARTTSIISAPTTSTTSSPTTSTTSATTTSTTSAPTSSTTSTPQTSKTSAATSSTTSGSGTTPSPVTTTSTASVSKTSTSHVSVSKTTHSQPVTRDCHPRCTWTKWFDVDFPSPGPHGGDKETYNNIIRSGEKICRRPEEITRLQCRAKSHPEVSIEHLGQVVQCSREEGLVCRNQDQQGPFKMCLNYEVRVLCCETPKGCPVTSTSVTAPSTPSGRATSPTQSTSSWQKSRTTTLVTSSITSTTQTSTTSAPTTSTTPASIPSTTSAPTTSTTSAPTTSTTSAPTTSTTSTPQTTTSSAPTSSTTSAPTTSTISAPTTSTISAPTTSTTSAPTASTTSAPTSTSSAPTTNTTSAPTTSTTSAPITSTISAPTTSTTSTPQTSTISSPTTSTTSTPQTSTTSSPTTSTTSAPTTSTTSAPTTSTTSTPQTSISSAPTSSTTSAPTASTISAPTTSTTSFHTTSTTSPPTSSTSSTPQTSKTSAATSSTTSGSGTTPSPVPTTSTASVSKTSTSHVSVSKTTHSQPVTRDCHPRCTWTKWFDVDFPSPGPHGGDKETYNNIIRSGEKICRRPEEITRLQCRAESHPEVSIEHLGQVVQCSREEGLVCRNQDQQGPFKMCLNYEVRVLCCETPKGCPVTSTPVTAPSTPSGRATSPTQSTSSWQKSRTTTLVTTSTTSTPQTSTTSAPTTSTIPASTPSTTSAPTTSTTSAPTTSTTSAPTHRTTSGPTTSTTLAPTTSTTSAPTTSTNSAPTTSTISASTTSTISAPTTSTISSPTSSTTSTPQTSKTSAATSSTTSGSGTTPSPVPTTSTTSASTTSTTSAPTTSTTSGPGTTPSPVPSTSTTSAATTSTTSAPTTRTTSAPTSSMTSGPGTTPSPVPTTSTTSAPTTSTTSGPGTTPSPVPTTSTTSAPITSTTSGPGSTPSPVPTTSTTSAPTTSTTSASTASTTSGPGTTPSPVPTTSTTSAPTTRTTSASTASTTSGPGSTPSPVPTTSTTSAPTTRTTPASTASTTSGPGTTPSPVPTTSTTSASTTSTISLPTTSTTSAPITSMTSGPGTTPSPVPTTSTTSAPTTSTTSASTASTTSGPGTTPSPVPTTSTTSAPTTSTTSASTASTTSGPGTSLSPVPTTSTTSAPTTSTTSGPGTTPSPVPTTSTTSAPTTSTTSGPGTTPSPVPTTSTTPVSKTSTSHLSVSKTTHSQPVTSDCHPLCAWTKWFDVDFPSPGPHGGDKETYNNIIRSGEKICRRPEEITRLQCRAESHPEVNIEHLGQVVQCSREEGLVCRNQDQQGPFKMCLNYEVRVLCCETPRGCPVTSVTPYGTSPTNALYPSLSTSMVSASVASTSVASSSVASSSVAYSTQTCFCNVADRLYPAGSTIYRHRDLAGHCYYALCSQDCQVVRGVDSDCPSTTLPPAPATSPSISTSEPVTELGCPNAVPPRKKGETWATPNCSEATCEGNNVISLRPRTCPRVEKPTCANGYPAVKVADQDGCCHHYQCQCVCSGWGDPHYITFDGTYYTFLDNCTYVLVQQIVPVYGHFRVLVDNYFCGAEDGLSCPRSIILEYHQDRVVLTRKPVHGVMTNEIIFNNKVVSPGFRKNGIVVSRIGVKMYATIPELGVQVMFSGLIFSVEVPFSKFANNTEGQCGTCTNDRKDECRTPRGTVVASCSEMSGLWNVSIPDQPACHRPHPTPTTVGPTTVGSTTVGPTTVGSTTVGPTTPPAPCLPSPICQLILSKVFEPCHTVIPPLLFYEGCVFDRCHMTDLDVVCSSLELYAALCASHDICIDWRGRTGHMCPFTCPADKVYQPCGPSNPSYCYGNDSASLGALPEAGPITEGCFCPEGMTLFSTSAQVCVPTGCPRCLGPHGEPVKVGHTVGMDCQECTCEAATWTLTCRPKLCPLPPACPLPGFVPVPAAPQAGQCCPQYSCACNTSRCPAPVGCPEGARAIPTYQEGACCPVQNCSWTVCSINGTLYQPGAVVSSSLCETCRCELPGGPPSDAFVVSCETQICNTHCPVGFEYQEQSGQCCGTCVQVACVTNTSKSPAHLFYPGETWSDAGNHCVTHQCEKHQDGLVVVTTKKACPPLSCSLDEARMSKDGCCRFCPPPPPPYQNQSTCAVYHRSLIIQQQGCSSSEPVRLAYCRGNCGDSSSMYSLEGNTVEHRCQCCQELRTSLRNVTLHCTDGSSRAFSYTEVEECGCMGRRCPAPGDTQHSEEAEPEPSQEAESGSWERGVPVSPMH
O43511	MAAPGGRSEPPQLPEYSCSYMVSRPVYSELAFQQQHERRLQERKTLRESLAKCCSCSRKRAFGVLKTLVPILEWLPKYRVKEWLLSDVISGVSTGLVATLQGMAYALLAAVPVGYGLYSAFFPILTYFIFGTSRHISVGPFPVVSLMVGSVVLSMAPDEHFLVSSSNGTVLNTTMIDTAARDTARVLIASALTLLVGIIQLIFGGLQIGFIVRYLADPLVGGFTTAAAFQVLVSQLKIVLNVSTKNYNGVLSIIYTLVEIFQNIGDTNLADFTAGLLTIVVCMAVKELNDRFRHKIPVPIPIEVIVTIIATAISYGANLEKNYNAGIVKSIPRGFLPPELPPVSLFSEMLAASFSIAVVAYAIAVSVGKVYATKYDYTIDGNQEFIAFGISNIFSGFFSCFVATTALSRTAVQESTGGKTQVAGIISAAIVMIAILALGKLLEPLQKSVLAAVVIANLKGMFMQLCDIPRLWRQNKIDAVIWVFTCIVSIILGLDLGLLAGLIFGLLTVVLRVQFPSWNGLGSIPSTDIYKSTKNYKNIEEPQGVKILRFSSPIFYGNVDGFKKCIKSTVGFDAIRVYNKRLKALRKIQKLIKSGQLRATKNGIISDAVSTNNAFEPDEDIEDLEELDIPTKEIEIQVDWNSELPVKVNVPKVPIHSLVLDCGAISFLDVVGVRSLRVIVKEFQRIDVNVYFASLQDYVIEKLEQCGFFDDNIRKDTFFLTVHDAILYLQNQVKSQEGQGSILETITLIQDCKDTLELIETELTEEELDVQDEAMRTLAS
P15515	MKFFVFALVLALMISMISADSHEKRHHGYRRKFHEKHHSHREFPFYGDYGSNYLYDN
Q99518	MAKKVAVIGAGVSGLISLKCCVDEGLEPTCFERTEDIGGVWRFKENVEDGRASIYQSVVTNTSKEMSCFSDFPMPEDFPNFLHNSKLLEYFRIFAKKFDLLKYIQFQTTVLSVRKCPDFSSSGQWKVVTQSNGKEQSAVFDAVMVCSGHHILPHIPLKSFPGMERFKGQYFHSRQYKHPDGFEGKRILVIGMGNSGSDIAVELSKNAAQVFISTRHGTWVMSRISEDGYPWDSVFHTRFRSMLRNVLPRTAVKWMIEQQMNRWFNHENYGLEPQNKYIMKEPVLNDDVPSRLLCGAIKVKSTVKELTETSAIFEDGTVEENIDVIIFATGYSFSFPFLEDSLVKVENNMVSLYKYIFPAHLDKSTLACIGLIQPLGSIFPTAELQARWVTRVFKGLCSLPSERTMMMDIIKRNEKRIDLFGESQSQTLQTNYVDYLDELALEIGAKPDFCSLLFKDPKLAVRLYFGPCNSYQYRLVGPGQWEGARNAIFTQKQRILKPLKTRALKDSSNFSVSFLLKILGLLAVVVAFFCQLQWS
P20815	MDLIPNLAVETWLLLAVSLVLLYLYGTRTHGLFKRLGIPGPTPLPLLGNVLSYRQGLWKFDTECYKKYGKMWGTYEGQLPVLAITDPDVIRTVLVKECYSVFTNRRSLGPVGFMKSAISLAEDEEWKRIRSLLSPTFTSGKLKEMFPIIAQYGDVLVRNLRREAEKGKPVTLKDIFGAYSMDVITGTSFGVNIDSLNNPQDPFVESTKKFLKFGFLDPLFLSIILFPFLTPVFEALNVSLFPKDTINFLSKSVNRMKKSRLNDKQKHRLDFLQLMIDSQNSKETESHKALSDLELAAQSIIFIFAGYETTSSVLSFTLYELATHPDVQQKLQKEIDAVLPNKAPPTYDAVVQMEYLDMVVNETLRLFPVAIRLERTCKKDVEINGVFIPKGSMVVIPTYALHHDPKYWTEPEEFRPERFSKKKDSIDPYIYTPFGTGPRNCIGMRFALMNMKLALIRVLQNFSFKPCKETQIPLKLDTQGLLQPEKPIVLKVDSRDGTLSGE
P13646	MSLRLQSSSASYGGGFGGGSCQLGGGRGVSTCSTRFVSGGSAGGYGGGVSCGFGGGAGSGFGGGYGGGLGGGYGGGLGGGFGGGFAGGFVDFGACDGGLLTGNEKITMQNLNDRLASYLEKVRALEEANADLEVKIRDWHLKQSPASPERDYSPYYKTIEELRDKILTATIENNRVILEIDNARLAADDFRLKYENELALRQSVEADINGLRRVLDELTLSKTDLEMQIESLNEELAYMKKNHEEEMKEFSNQVVGQVNVEMDATPGIDLTRVLAEMREQYEAMAERNRRDAEEWFHTKSAELNKEVSTNTAMIQTSKTEITELRRTLQGLEIELQSQLSMKAGLENTVAETECRYALQLQQIQGLISSIEAQLSELRSEMECQNQEYKMLLDIKTRLEQEIATYRSLLEGQDAKMIGFPSSAGSVSPRSTSVTTTSSASVTTTSNASGRRTSDVRRP
Q9UBG3	MPQLLQNINGIIEAFRRYARTEGNCTALTRGELKRLLEQEFADVIVKPHDPATVDEVLRLLDEDHTGTVEFKEFLVLVFKVAQACFKTLSESAEGACGSQESGSLHSGASQELGEGQRSGTEVGRAGKGQHYEGSSHRQSQQGSRGQNRPGVQTQGQATGSAWVSSYDRQAESQSQERISPQIQLSGQTEQTQKAGEGKRNQTTEMRPERQPQTREQDRAHQTGETVTGSGTQTQAGATQTVEQDSSHQTGRTSKQTQEATNDQNRGTETHGQGRSQTSQAVTGGHAQIQAGTHTQTPTQTVEQDSSHQTGSTSTQTQESTNGQNRGTEIHGQGRSQTSQAVTGGHTQIQAGSHTETVEQDRSQTVSHGGAREQGQTQTQPGSGQRWMQVSNPEAGETVPGGQAQTGASTESGRQEWSSTHPRRCVTEGQGDRQPTVVGEEWVDDHSRETVILRLDQGNLHTSVSSAQGQDAAQSEEKRGITARELYSYLRSTKP
Q96PD4	MTVKTLHGPAMVKYLLLSILGLAFLSEAAARKIPKVGHTFFQKPESCPPVPGGSMKLDIGIINENQRVSMSRNIESRSTSPWNYTVTWDPNRYPSEVVQAQCRNLGCINAQGKEDISMNSVPIQQETLVVRRKHQGCSVSFQLEKVLVTVGCTCVTPVIHHVQ
Q9Y4K0	MERPLCSHLCSCLAMLALLSPLSLAQYDSWPHYPEYFQQPAPEYHQPQAPANVAKIQLRLAGQKRKHSEGRVEVYYDGQWGTVCDDDFSIHAAHVVCRELGYVEAKSWTASSSYGKGEGPIWLDNLHCTGNEATLAACTSNGWGVTDCKHTEDVGVVCSDKRIPGFKFDNSLINQIENLNIQVEDIRIRAILSTYRKRTPVMEGYVEVKEGKTWKQICDKHWTAKNSRVVCGMFGFPGERTYNTKVYKMFASRRKQRYWPFSMDCTGTEAHISSCKLGPQVSLDPMKNVTCENGLPAVVSCVPGQVFSPDGPSRFRKAYKPEQPLVRLRGGAYIGEGRVEVLKNGEWGTVCDDKWDLVSASVVCRELGFGSAKEAVTGSRLGQGIGPIHLNEIQCTGNEKSIIDCKFNAESQGCNHEEDAGVRCNTPAMGLQKKLRLNGGRNPYEGRVEVLVERNGSLVWGMVCGQNWGIVEAMVVCRQLGLGFASNAFQETWYWHGDVNSNKVVMSGVKCSGTELSLAHCRHDGEDVACPQGGVQYGAGVACSETAPDLVLNAEMVQQTTYLEDRPMFMLQCAMEENCLSASAAQTDPTTGYRRLLRFSSQIHNNGQSDFRPKNGRHAWIWHDCHRHYHSMEVFTHYDLLNLNGTKVAEGHKASFCLEDTECEGDIQKNYECANFGDQGITMGCWDMYRHDIDCQWVDITDVPPGDYLFQVVINPNFEVAESDYSNNIMKCRSRYDGHRIWMYNCHIGGSFSEETEKKFEHFSGLLNNQLSPQ
P55001	MRAAYLFLLFLPAGLLAQGQYDLDPLPPFPDHVQYTHYSDQIDNPDYYDYQEVTPRPSEEQFQFQSQQQVQQEVIPAPTPEPGNAELEPTEPGPLDCREEQYPCTRLYSIHRPCKQCLNEVCFYSLRRVYVINKEICVRTVCAHEELLRADLCRDKFSKCGVMASSGLCQSVAASCARSCGSC
P21815	MKTALILLSILGMACAFSMKNLHRRVKIEDSEENGVFKYRPRYYLYKHAYFYPHLKRFPVQGSSDSSEENGDDSSEEEEEEEETSNEGENNEESNEDEDSEAENTTLSATTLGYGEDATPGTGYTGLAAIQLPKKAGDITNKATKEKESDEEEEEEEEGNENEESEAEVDENEQGINGTSTNSTEAENGNGSSGGDNGEEGEEESVTGANAEDTTETGRQGKGTSKTTTSPNGGFEPTTPPQVYRTTSPPFGKTTTVEYEGEYEYTGANEYDNGYEIYESENGEPRGDNYRAYEDEYSYFKGQGYDGYDGQNYYHHQ
P45452	MHPGVLAAFLFLSWTHCRALPLPSGGDEDDLSEEDLQFAERYLRSYYHPTNLAGILKENAASSMTERLREMQSFFGLEVTGKLDDNTLDVMKKPRCGVPDVGEYNVFPRTLKWSKMNLTYRIVNYTPDMTHSEVEKAFKKAFKVWSDVTPLNFTRLHDGIADIMISFGIKEHGDFYPFDGPSGLLAHAFPPGPNYGGDAHFDDDETWTSSSKGYNLFLVAAHEFGHSLGLDHSKDPGALMFPIYTYTGKSHFMLPDDDVQGIQSLYGPGDEDPNPKHPKTPDKCDPSLSLDAITSLRGETMIFKDRFFWRLHPQQVDAELFLTKSFWPELPNRIDAAYEHPSHDLIFIFRGRKFWALNGYDILEGYPKKISELGLPKEVKKISAAVHFEDTGKTLLFSGNQVWRYDDTNHIMDKDYPRLIEEDFPGIGDKVDAVYEKNGYIYFFNGPIQFEYSIWSNRIVRVMPANSILWC
P03956	MHSFPPLLLLLFWGVVSHSFPATLETQEQDVDLVQKYLEKYYNLKNDGRQVEKRRNSGPVVEKLKQMQEFFGLKVTGKPDAETLKVMKQPRCGVPDVAQFVLTEGNPRWEQTHLTYRIENYTPDLPRADVDHAIEKAFQLWSNVTPLTFTKVSEGQADIMISFVRGDHRDNSPFDGPGGNLAHAFQPGPGIGGDAHFDEDERWTNNFREYNLHRVAAHELGHSLGLSHSTDIGALMYPSYTFSGDVQLAQDDIDGIQAIYGRSQNPVQPIGPQTPKACDSKLTFDAITTIRGEVMFFKDRFYMRTNPFYPEVELNFISVFWPQLPNGLEAAYEFADRDEVRFFKGNKYWAVQGQNVLHGYPKDIYSSFGFPRTVKHIDAALSEENTGKTYFFVANKYWRYDEYKRSMDPGYPKMIAHDFPGIGHKVDAVFMKDGFFYFFHGTRQYKFDPKTKRILTLQKANSWFNCRKN
P10451	MRIAVICFCLLGITCAIPVKQADSGSSEEKQLYNKYPDAVATWLNPDPSQKQNLLAPQNAVSSEETNDFKQETLPSKSNESHDHMDDMDDEDDDDHVDSQDSIDSNDSDDVDDTDDSHQSDESHHSDESDELVTDFPTDLPATEVFTPVVPTVDTYDGRGDSVVYGLRSKSKKFRRPDIQYPDATDEDITSHMESEELNGAYKAIPVAQDLNAPSDWDSRGKDSYETSQLDDQSAETHSHKQSRLYKRKANDESNEHSDVIDSQELSKVSREFHSHEFHSHEDMLVVDPKSKEEDKHLKFRISHELDSASSEVN
P51671	MKVSAALLWLLLIAAAFSPQGLAGPASVPTTCCFNLANRKIPLQRLESYRRITSGKCPQKAVIFKTKLAKDICADPKKKWVQDSMKYLDQKSPTPKP
Q16787	MAAAARPRGRALGPVLPPTPLLLLVLRVLPACGATARDPGAAAGLSLHPTYFNLAEAARIWATATCGERGPGEGRPQPELYCKLVGGPTAPGSGHTIQGQFCDYCNSEDPRKAHPVTNAIDGSERWWQSPPLSSGTQYNRVNLTLDLGQLFHVAYILIKFANSPRPDLWVLERSVDFGSTYSPWQYFAHSKVDCLKEFGREANMAVTRDDDVLCVTEYSRIVPLENGEVVVSLINGRPGAKNFTFSHTLREFTKATNIRLRFLRTNTLLGHLISKAQRDPTVTRRYYYSIKDISIGGQCVCNGHAEVCNINNPEKLFRCECQHHTCGETCDRCCTGYNQRRWRPAAWEQSHECEACNCHGHASNCYYDPDVERQQASLNTQGIYAGGGVCINCQHNTAGVNCEQCAKGYYRPYGVPVDAPDGCIPCSCDPEHADGCEQGSGRCHCKPNFHGDNCEKCAIGYYNFPFCLRIPIFPVSTPSSEDPVAGDIKGCDCNLEGVLPEICDAHGRCLCRPGVEGPRCDTCRSGFYSFPICQACWCSALGSYQMPCSSVTGQCECRPGVTGQRCDRCLSGAYDFPHCQGSSSACDPAGTINSNLGYCQCKLHVEGPTCSRCKLLYWNLDKENPSGCSECKCHKAGTVSGTGECRQGDGDCHCKSHVGGDSCDTCEDGYFALEKSNYFGCQGCQCDIGGALSSMCSGPSGVCQCREHVVGKVCQRPENNYYFPDLHHMKYEIEDGSTPNGRDLRFGFDPLAFPEFSWRGYAQMTSVQNDVRITLNVGKSSGSLFRVILRYVNPGTEAVSGHITIYPSWGAAQSKEIIFLPSKEPAFVTVPGNGFADPFSITPGIWVACIKAEGVLLDYLVLLPRDYYEASVLQLPVTEPCAYAGPPQENCLLYQHLPVTRFPCTLACEARHFLLDGEPRPVAVRQPTPAHPVMVDLSGREVELHLRLRIPQVGHYVVVVEYSTEAAQLFVVDVNVKSSGSVLAGQVNIYSCNYSVLCRSAVIDHMSRIAMYELLADADIQLKGHMARFLLHQVCIIPIEEFSAEYVRPQVHCIASYGRFVNQSATCVSLAHETPPTALILDVLSGRPFPHLPQQSSPSVDVLPGVTLKAPQNQVTLRGRVPHLGRYVFVIHFYQAAHPTFPAQVSVDGGWPRAGSFHASFCPHVLGCRDQVIAEGQIEFDISEPEVAATVKVPEGKSLVLVRVLVVPAENYDYQILHKKSMDKSLEFITNCGKNSFYLDPQTASRFCKNSARSLVAFYHKGALPCECHPTGATGPHCSPEGGQCPCQPNVIGRQCTRCATGHYGFPRCKPCSCGRRLCEEMTGQCRCPPRTVRPQCEVCETHSFSFHPMAGCEGCNCSRRGTIEAAMPECDRDSGQCRCKPRITGRQCDRCASGFYRFPECVPCNCNRDGTEPGVCDPGTGACLCKENVEGTECNVCREGSFHLDPANLKGCTSCFCFGVNNQCHSSHKRRTKFVDMLGWHLETADRVDIPVSFNPGSNSMVADLQELPATIHSASWVAPTSYLGDKVSSYGGYLTYQAKSFGLPGDMVLLEKKPDVQLTGQHMSIIYEETNTPRPDRLHHGRVHVVEGNFRHASSRAPVSREELMTVLSRLADVRIQGLYFTETQRLTLSEVGLEEASDTGSGRIALAVEICACPPAYAGDSCQGCSPGYYRDHKGLYTGRCVPCNCNGHSNQCQDGSGICVNCQHNTAGEHCERCQEGYYGNAVHGSCRACPCPHTNSFATGCVVNGGDVRCSCKAGYTGTQCERCAPGYFGNPQKFGGSCQPCSCNSNGQLGSCHPLTGDCINQEPKDSSPAEECDDCDSCVMTLLNDLATMGEQLRLVKSQLQGLSASAGLLEQMRHMETQAKDLRNQLLNYRSAISNHGSKIEGLERELTDLNQEFETLQEKAQVNSRKAQTLNNNVNRATQSAKELDVKIKNVIRNVHILLKQISGTDGEGNNVPSGDFSREWAEAQRMMRELRNRNFGKHLREAEADKRESQLLLNRIRTWQKTHQGENNGLANSIRDSLNEYEAKLSDLRARLQEAAAQAKQANGLNQENERALGAIQRQVKEINSLQSDFTKYLTTADSSLLQTNIALQLMEKSQKEYEKLAASLNEARQELSDKVRELSRSAGKTSLVEEAEKHARSLQELAKQLEEIKRNASGDELVRCAVDAATAYENILNAIKAAEDAANRAASASESALQTVIKEDLPRKAKTLSSNSDKLLNEAKMTQKKLKQEVSPALNNLQQTLNIVTVQKEVIDTNLTTLRDGLHGIQRGDIDAMISSAKSMVRKANDITDEVLDGLNPIQTDVERIKDTYGRTQNEDFKKALTDADNSVNKLTNKLPDLWRKIESINQQLLPLGNISDNMDRIRELIQQARDAASKVAVPMRFNGKSGVEVRLPNDLEDLKGYTSLSLFLQRPNSRENGGTENMFVMYLGNKDASRDYIGMAVVDGQLTCVYNLGDREAELQVDQILTKSETKEAVMDRVKFQRIYQFARLNYTKGATSSKPETPGVYDMDGRNSNTLLNLDPENVVFYVGGYPPDFKLPSRLSFPPYKGCIELDDLNENVLSLYNFKKTFNLNTTEVEPCRRRKEESDKNYFEGTGYARVPTQPHAPIPTFGQTIQTTVDRGLLFFAENGDRFISLNIEDGKLMVRYKLNSELPKERGVGDAINNGRDHSIQIKIGKLQKRMWINVDVQNTIIDGEVFDFSTYYLGGIPIAIRERFNISTPAFRGCMKNLKKTSGVVRLNDTVGVTKKCSEDWKLVRSASFSRGGQLSFTDLGLPPTDHLQASFGFQTFQPSGILLDHQTWTRNLQVTLEDGYIELSTSDSGGPIFKSPQTYMDGLLHYVSVISDNSGLRLLIDDQLLRNSKRLKHISSSRQSLRLGGSNFEGCISNVFVQRLSLSPEVLDLTSNSLKRDVSLGGCSLNKPPFLMLLKGSTRFNKTKTFRINQLLQDTPVASPRSVKVWQDACSPLPKTQANHGALQFGDIPTSHLLFKLPQELLKPRSQFAVDMQTTSSRGLVFHTGTKNSFMALYLSKGRLVFALGTDGKKLRIKSKEKCNDGKWHTVVFGHDGEKGRLVVDGLRAREGSLPGNSTISIRAPVYLGSPPSGKPKSLPTNSFVGCLKNFQLDSKPLYTPSSSFGVSSCLGGPLEKGIYFSEEGGHVVLAHSVLLGPEFKLVFSIRPRSLTGILIHIGSQPGKHLCVYLEAGKVTASMDSGAGGTSTSVTPKQSLCDGQWHSVAVTIKQHILHLELDTDSSYTAGQIPFPPASTQEPLHLGGAPANLTTLRIPVWKSFFGCLRNIHVNHIPVPVTEALEVQGPVSLNGCPDQ
Q13753	MPALWLGCCLCFSLLLPAARATSRREVCDCNGKSRQCIFDRELHRQTGNGFRCLNCNDNTDGIHCEKCKNGFYRHRERDRCLPCNCNSKGSLSARCDNSGRCSCKPGVTGARCDRCLPGFHMLTDAGCTQDQRLLDSKCDCDPAGIAGPCDAGRCVCKPAVTGERCDRCRSGYYNLDGGNPEGCTQCFCYGHSASCRSSAEYSVHKITSTFHQDVDGWKAVQRNGSPAKLQWSQRHQDVFSSAQRLDPVYFVAPAKFLGNQQVSYGQSLSFDYRVDRGGRHPSAHDVILEGAGLRITAPLMPLGKTLPCGLTKTYTFRLNEHPSNNWSPQLSYFEYRRLLRNLTALRIRATYGEYSTGYIDNVTLISARPVSGAPAPWVEQCICPVGYKGQFCQDCASGYKRDSARLGPFGTCIPCNCQGGGACDPDTGDCYSGDENPDIECADCPIGFYNDPHDPRSCKPCPCHNGFSCSVMPETEEVVCNNCPPGVTGARCELCADGYFGDPFGEHGPVRPCQPCQCNNNVDPSASGNCDRLTGRCLKCIHNTAGIYCDQCKAGYFGDPLAPNPADKCRACNCNPMGSEPVGCRSDGTCVCKPGFGGPNCEHGAFSCPACYNQVKIQMDQFMQQLQRMEALISKAQGGDGVVPDTELEGRMQQAEQALQDILRDAQISEGASRSLGLQLAKVRSQENSYQSRLDDLKMTVERVRALGSQYQNRVRDTHRLITQMQLSLAESEASLGNTNIPASDHYVGPNGFKSLAQEATRLAESHVESASNMEQLTRETEDYSKQALSLVRKALHEGVGSGSGSPDGAVVQGLVEKLEKTKSLAQQLTREATQAEIEADRSYQHSLRLLDSVSRLQGVSDQSFQVEEAKRIKQKADSLSSLVTRHMDEFKRTQKNLGNWKEEAQQLLQNGKSGREKSDQLLSRANLAKSRAQEALSMGNATFYEVESILKNLREFDLQVDNRKAEAEEAMKRLSYISQKVSDASDKTQQAERALGSAAADAQRAKNGAGEALEISSEIEQEIGSLNLEANVTADGALAMEKGLASLKSEMREVEGELERKELEFDTNMDAVQMVITEAQKVDTRAKNAGVTIQDTLNTLDGLLHLMDQPLSVDEEGLVLLEQKLSRAKTQINSQLRPMMSELEERARQQRGHLHLLETSIDGILADVKNLENIRDNLPPGCYNTQALEQQ
Q99715	MRSRLPPALAALGAALLLSSIEAEVDPPSDLNFKIIDENTVHMSWAKPVDPIVGYRITVDPTTDGPTKEFTLSASTTETLLSELVPETEYVVTITSYDEVEESVPVIGQLTIQTGSSTKPVEKKPGKTEIQKCSVSAWTDLVFLVDGSWSVGRNNFKYILDFIAALVSAFDIGEEKTRVGVVQYSSDTRTEFNLNQYYQRDELLAAIKKIPYKGGNTMTGDAIDYLVKNTFTESAGARVGFPKVAIIITDGKSQDEVEIPARELRNVGVEVFSLGIKAADAKELKQIASTPSLNHVFNVANFDAIVDIQNEIISQVCSGVDEQLGELVSGEEVVEPPSNLIAMEVSSKYVKLNWNPSPSPVTGYKVILTPMTAGSRQHALSVGPQTTTLSVRDLSADTEYQISVSAMKGMTSSEPISIMEKTQPMKVQVECSRGVDIKADIVFLVDGSYSIGIANFVKVRAFLEVLVKSFEISPNRVQISLVQYSRDPHTEFTLKKFTKVEDIIEAINTFPYRGGSTNTGKAMTYVREKIFVPSKGSRSNVPKVMILITDGKSSDAFRDPAIKLRNSDVEIFAVGVKDAVRSELEAIASPPAETHVFTVEDFDAFQRISFELTQSICLRIEQELAAIKKKAYVPPKDLSFSEVTSYGFKTNWSPAGENVFSYHITYKEAAGDDEVTVVEPASSTSVVLSSLKPETLYLVNVTAEYEDGFSIPLAGEETTEEVKGAPRNLKVTDETTDSFKITWTQAPGRVLRYRIIYRPVAGGESREVTTPPNQRRRTLENLIPDTKYEVSVIPEYFSGPGTPLTGNAATEEVRGNPRDLRVSDPTTSTMKLSWSGAPGKVKQYLVTYTPVAGGETQEVTVRGDTTNTVLQGLKEGTQYALSVTALYASGAGDALFGEGTTLEERGSPQDLVTKDITDTSIGAYWTSAPGMVRGYRVSWKSLYDDVDTGEKNLPEDAIHTMIENLQPETKYRISVFATYSSGEGEPLTGDATTELSQDSKTLKVDEETENTMRVTWKPAPGKVVNYRVVYRPHGRGKQMVAKVPPTVTSTVLKRLQPQTTYDITVLPIYKMGEGKLRQGSGTTASRFKSPRNLKTSDPTMSSFRVTWEPAPGEVKGYKVTFHPTGDDRRLGELVVGPYDNTVVLEELRAGTTYKVNVFGMFDGGESSPLVGQEMTTLSDTTVMPILSSGMECLTRAEADIVLLVDGSWSIGRANFRTVRSFISRIVEVFDIGPKRVQIALAQYSGDPRTEWQLNAHRDKKSLLQAVANLPYKGGNTLTGMALNFIRQQNFRTQAGMRPRARKIGVLITDGKSQDDVEAPSKKLKDEGVELFAIGIKNADEVELKMIATDPDDTHAYNVADFESLSRIVDDLTINLCNSVKGPGDLEAPSNLVISERTHRSFRVSWTPPSDSVDRYKVEYYPVSGGKRQEFYVSRMETSTVLKDLKPETEYVVNVYSVVEDEYSEPLKGTEKTLPVPVVSLNIYDVGPTTMHVQWQPVGGATGYILSYKPVKDTEPTRPKEVRLGPTVNDMQLTDLVPNTEYAVTVQAVLHDLTSEPVTVREVTLPLPRPQDLKLRDVTHSTMNVFWEPVPGKVRKYIVRYKTPEEDVKEVEVDRSETSTSLKDLFSQTLYTVSVSAVHDEGESPPVTAQETTRPVPAPTNLKITEVTSEGFRGTWDHGASDVSLYRITWAPFGSSDKMETILNGDENTLVFENLNPNTIYEVSITAIYPDESESDDLIGSERTLPILTTQAPKSGPRNLQVYNATSNSLTVKWDPASGRVQKYRITYQPSTGEGNEQTTTIGGRQNSVVLQKLKPDTPYTITVSSLYPDGEGGRMTGRGKTKPLNTVRNLRVYDPSTSTLNVRWDHAEGNPRQYKLFYAPAAGGPEELVPIPGNTNYAILRNLQPDTSYTVTVVPVYTEGDGGRTSDTGRTLMRGLARNVQVYNPTPNSLDVRWDPAPGPVLQYRVVYSPVDGTRPSESIVVPGNTRMVHLERLIPDTLYSVNLVALYSDGEGNPSPAQGRTLPRSGPRNLRVFGETTNSLSVAWDHADGPVQQYRIIYSPTVGDPIDEYTTVPGRRNNVILQPLQPDTPYKITVIAVYEDGDGGHLTGNGRTVGLLPPQNIHISDEWYTRFRVSWDPSPSPVLGYKIVYKPVGSNEPMEAFVGEMTSYTLHNLNPSTTYDVNVYAQYDSGLSVPLTDQGTTLYLNVTDLKTYQIGWDTFCVKWSPHRAATSYRLKLSPADGTRGQEITVRGSETSHCFTGLSPDTDYGVTVFVQTPNLEGPGVSVKEHTTVKPTEAPTEPPTPPPPPTIPPARDVCKGAKADIVFLTDASWSIGDDNFNKVVKFIFNTVGGFDEISPAGIQVSFVQYSDEVKSEFKLNTYNDKALALGALQNIRYRGGNTRTGKALTFIKEKVLTWESGMRKNVPKVLVVVTDGRSQDEVKKAALVIQQSGFSVFVVGVADVDYNELANIASKPSERHVFIVDDFESFEKIEDNLITFVCETATSSCPLIYLDGYTSPGFKMLEAYNLTEKNFASVQGVSLESGSFPSYSAYRIQKNAFVNQPTADLHPNGLPPSYTIILLFRLLPETPSDPFAIWQITDRDYKPQVGVIADPSSKTLSFFNKDTRGEVQTVTFDTEEVKTLFYGSFHKVHIVVTSKSVKIYIDCYEIIEKDIKEAGNITTDGYEILGKLLKGERKSAAFQIQSFDIVCSPVWTSRDRCCDIPSRRDEGKCPAFPNSCTCTQDSVGPPGPPGPAGGPGAKGPRGERGISGAIGPPGPRGDIGPPGPQGPPGPQGPNGLSIPGEQGRQGMKGDAGEPGLPGRTGTPGLPGPPGPMGPPGDRGFTGKDGAMGPRGPPGPPGSPGSPGVTGPSGKPGKPGDHGRPGPSGLKGEKGDRGDIASQNMMRAVARQVCEQLISGQMNRFNQMLNQIPNDYQSSRNQPGPPGPPGPPGSAGARGEPGPGGRPGFPGTPGMQGPPGERGLPGEKGERGTGSSGPRGLPGPPGPQGESRTGPPGSTGSRGPPGPPGRPGNSGIRGPPGPPGYCDSSQCASIPYNGQGYPGSG
P39900	MKFLLILLLQATASGALPLNSSTSLEKNNVLFGERYLEKFYGLEINKLPVTKMKYSGNLMKEKIQEMQHFLGLKVTGQLDTSTLEMMHAPRCGVPDVHHFREMPGGPVWRKHYITYRINNYTPDMNREDVDYAIRKAFQVWSNVTPLKFSKINTGMADILVVFARGAHGDFHAFDGKGGILAHAFGPGSGIGGDAHFDEDEFWTTHSGGTNLFLTAVHEIGHSLGLGHSSDPKAVMFPTYKYVDINTFRLSADDIRGIQSLYGDPKENQRLPNPDNSEPALCDPNLSFDAVTTVGNKIFFFKDRFFWLKVSERPKTSVNLISSLWPTLPSGIEAAYEIEARNQVFLFKDDKYWLISNLRPEPNYPKSIHSFGFPNFVKKIDAAVFNPRFYRTYFFVDNQYWRYDERRQMMDPGYPKLITKNFQGIGPKIDAVFYSKNKYYYFFQGSNQFEYDFLLQRITKTLKSNSWFGC
Q15063	MIPFLPMFSLLLLLIVNPINANNHYDKILAHSRIRGRDQGPNVCALQQILGTKKKYFSTCKNWYKKSICGQKTTVLYECCPGYMRMEGMKGCPAVLPIDHVYGTLGIVGATTTQRYSDASKLREEIEGKGSFTYFAPSNEAWDNLDSDIRRGLESNVNVELLNALHSHMINKRMLTKDLKNGMIIPSMYNNLGLFINHYPNGVVTVNCARIIHGNQIATNGVVHVIDRVLTQIGTSIQDFIEAEDDLSSFRAAAITSDILEALGRDGHFTLFAPTNEAFEKLPRGVLERIMGDKVASEALMKYHILNTLQCSESIMGGAVFETLEGNTIEIGCDGDSITVNGIKMVNKKDIVTNNGVIHLIDQVLIPDSAKQVIELAGKQQTTFTDLVAQLGLASALRPDGEYTLLAPVNNAFSDDTLSMDQRLLKLILQNHILKVKVGLNELYNGQILETIGGKQLRVFVYRTAVCIENSCMEKGSKQGRNGAIHIFREIIKPAEKSLHEKLKQDKRFSTFLSLLEAADLKELLTQPGDWTLFVPTNDAFKGMTSEEKEILIRDKNALQNIILYHLTPGVFIGKGFEPGVTNILKTTQGSKIFLKEVNDTLLVNELKSKESDIMTTNGVIHVVDKLLYPADTPVGNDQLLEILNKLIKYIQIKFVRGSTFKEIPVTVYTTKIITKVVEPKIKVIEGSLQPIIKTEGPTLTKVKIEGEPEFRLIKEGETITEVIHGEPIIKKYTKIIDGVPVEITEKETREERIITGPEIKYTRISTGGGETEETLKKLLQEEVTKVTKFIEGGDGHLFEDEEIKRLLQGDTPVRKLQANKKVQGSRRRLREGRSQ
P05121	MQMSPALTCLVLGLALVFGEGSAVHHPPSYVAHLASDFGVRVFQQVAQASKDRNVVFSPYGVASVLAMLQLTTGGETQQQIQAAMGFKIDDKGMAPALRHLYKELMGPWNKDEISTTDAIFVQRDLKLVQGFMPHFFRLFRSTVKQVDFSEVERARFIINDWVKTHTKGMISNLLGKGAVDQLTRLVLVNALYFNGQWKTPFPDSSTHRRLFHKSDGSTVSVPMMAQTNKFNYTEFTTPDGHYYDILELPYHGDTLSMFIAAPYEKEVPLSALTNILSAQLISHWKGNMTRLPRLLVLPKFSLETEVDLRKPLENLGMTDMFRQFQADFTSLSDQEPLHVAQALQKVKIEVNESGTVASSSTAVIVSARMAPEEIIMDRPFLFVVRHNPTGTVLFMGQVMEP
P00749	MRALLARLLLCVLVVSDSKGSNELHQVPSNCDCLNGGTCVSNKYFSNIHWCNCPKKFGGQHCEIDKSKTCYEGNGHFYRGKASTDTMGRPCLPWNSATVLQQTYHAHRSDALQLGLGKHNYCRNPDNRRRPWCYVQVGLKLLVQECMVHDCADGKKPSSPPEELKFQCGQKTLRPRFKIIGGEFTTIENQPWFAAIYRRHRGGSVTYVCGGSLISPCWVISATHCFIDYPKKEDYIVYLGRSRLNSNTQGEMKFEVENLILHKDYSADTLAHHNDIALLKIRSKEGRCAQPSRTIQTICLPSMYNDPQFGTSCEITGFGKENSTDYLYPEQLKMTVVKLISHRECQQPHYYGSEVTTKMLCAADPQWKTDSCQGDSGGPLVCSLQGRMTLTGIVSWGRGCALKDKPGVYTRVSHFLPWIRSHTKEENGLAL
Q03405	MGHPPLLPLLLLLHTCVPASWGLRCMQCKTNGDCRVEECALGQDLCRTTIVRLWEEGEELELVEKSCTHSEKTNRTLSYRTGLKITSLTEVVCGLDLCNQGNSGRAVTYSRSRYLECISCGSSDMSCERGRHQSLQCRSPEEQCLDVVTHWIQEGEEGRPKDDRHLRGCGYLPGCPGSNGFHNNDTFHFLKCCNTTKCNEGPILELENLPQNGRQCYSCKGNSTHGCSSEETFLIDCRGPMNQCLVATGTHEPKNQSYMVRGCATASMCQHAHLGDAFSMNHIDVSCCTKSGCNHPDLDVQYRSGAAPQPGPAHLSLTITLLMTARLWGGTLLWT
P00750	MDAMKRGLCCVLLLCGAVFVSPSQEIHARFRRGARSYQVICRDEKTQMIYQQHQSWLRPVLRSNRVEYCWCNSGRAQCHSVPVKSCSEPRCFNGGTCQQALYFSDFVCQCPEGFAGKCCEIDTRATCYEDQGISYRGTWSTAESGAECTNWNSSALAQKPYSGRRPDAIRLGLGNHNYCRNPDRDSKPWCYVFKAGKYSSEFCSTPACSEGNSDCYFGNGSAYRGTHSLTESGASCLPWNSMILIGKVYTAQNPSAQALGLGKHNYCRNPDGDAKPWCHVLKNRRLTWEYCDVPSCSTCGLRQYSQPQFRIKGGLFADIASHPWQAAIFAKHRRSPGERFLCGGILISSCWILSAAHCFQERFPPHHLTVILGRTYRVVPGEEEQKFEVEKYIVHKEFDDDTYDNDIALLQLKSDSSRCAQESSVVRTVCLPPADLQLPDWTECELSGYGKHEALSPFYSERLKEAHVRLYPSSRCTSQHLLNRTVTDNMLCAGDTRSGGPQANLHDACQGDSGGPLVCLNDGRMTLVGIISWGLGCGQKDVPGVYTKVTNYLDWIRDNMRP
